,gain_share
als_z,0.19564
als_logrank,0.16825
u_log_n,0.08812
knn_logrank,0.06699
knn_z,0.06326
i_year,0.06257
pop_logrank,0.04886
genre_affinity,0.0332
i_mean,0.03261
content_z,0.03165
content_logrank,0.03103
i_like_frac,0.03099
i_log_n,0.02674
pop_z,0.02282
u_mean,0.02132
u_like_frac,0.01886
n_sources,0.00892
u_occupation,0.00674
g_Romance,0.00594
g_Sci-Fi,0.00556
u_age,0.00546
g_Action,0.00449
g_Mystery,0.00425
g_Drama,0.00329
g_Thriller,0.00157
g_Children's,0.00155
g_Crime,0.00143
g_Animation,0.00136
u_male,0.00125
g_Comedy,0.00122
g_Adventure,0.00121
g_Horror,0.00115
g_Musical,0.00075
g_War,0.00062
g_Fantasy,0.00034
g_Documentary,0.0
g_Film-Noir,0.0
g_Western,0.0
