epoch,loss,val
1,0.46906695285916844,0.05737675449328429
2,0.3451290780847723,0.05947127386121273
3,0.3328660526574948,0.06880327492507575
4,0.31816698307598823,0.07081436117838329
5,0.30843713660260813,0.07172966546627006
6,0.2976243408211382,0.07541330454621312
7,0.28862870526520207,0.0787558679107206
8,0.28170936822375175,0.07961620590300049
9,0.27673865332231895,0.08090165688557617
10,0.2726234396298726,0.08122284512363961
11,0.26907354309445336,0.08142271028819506
12,0.2661446900594802,0.0817038709605196
13,0.2634674385512546,0.08099448162263514
14,0.2607491376338067,0.08113442940658588
15,0.2589554364805098,0.08171529696426225
16,0.2565059192897953,0.08006310093370124
17,0.25450541072593624,0.07979564513491416
18,0.25240675047104494,0.0819145017616308
19,0.2515362790136626,0.08010847211280188
20,0.2489387547815001,0.08019504442595808
21,0.24689847366376358,0.08004669613050651
22,0.24583291517191636,0.08044120295142945
