model,params,NDCG@10,Recall@10,Coverage,RMSE,seconds
ItemKNN,"{""k"": 20, ""shrink"": 0.0}",0.0786522888386763,0.0858625197340142,0.186184565569347,,2.6
ItemKNN,"{""k"": 20, ""shrink"": 20.0}",0.0785333691590101,0.0849543248985389,0.1613599568267674,,2.5
ItemKNN,"{""k"": 20, ""shrink"": 100.0}",0.079336820517677,0.0833995472187788,0.1216945493793847,,2.5
ItemKNN,"{""k"": 50, ""shrink"": 0.0}",0.0794642096530455,0.0835237963462223,0.1597409606044252,,2.7
ItemKNN,"{""k"": 50, ""shrink"": 20.0}",0.0794651169474991,0.0830765084039711,0.1438208310847274,,2.6
ItemKNN,"{""k"": 50, ""shrink"": 100.0}",0.0790284144869483,0.0806416957651853,0.1019967620075553,,2.6
ItemKNN,"{""k"": 100, ""shrink"": 0.0}",0.0803886655243823,0.082197980461854,0.1395035078251484,,2.6
ItemKNN,"{""k"": 100, ""shrink"": 20.0}",0.0796231157167109,0.0806412810781352,0.1227738801942795,,2.6
ItemKNN,"{""k"": 100, ""shrink"": 100.0}",0.0786314376752773,0.0761709846330942,0.084727468969239,,2.5
ItemKNN,"{""k"": 200, ""shrink"": 0.0}",0.0787582791570383,0.0799254081742157,0.1227738801942795,,2.6
ItemKNN,"{""k"": 200, ""shrink"": 20.0}",0.0795003576781526,0.0794382109601921,0.1073934160820291,,2.7
ItemKNN,"{""k"": 200, ""shrink"": 100.0}",0.0777970755523392,0.0751995428255039,0.0758229897463572,,2.6
ImplicitALS,"{""factors"": 32, ""alpha"": 5.0, ""min_rating"": 1.0}",0.0691548349540234,0.0811647252088593,0.36184565569347,,5.5
ImplicitALS,"{""factors"": 32, ""alpha"": 20.0, ""min_rating"": 1.0}",0.0615704439904065,0.0750426288616208,0.485968699406368,,5.6
ImplicitALS,"{""factors"": 32, ""alpha"": 20.0, ""min_rating"": 4.0}",0.078170524547252,0.0879692539729341,0.3761467889908257,,5.1
ImplicitALS,"{""factors"": 16, ""alpha"": 1.0, ""min_rating"": 4.0}",0.086254702441492,0.0907962555374639,0.1751214247166756,,3.4
ImplicitALS,"{""factors"": 32, ""alpha"": 1.0, ""min_rating"": 4.0}",0.0890968298277052,0.0973633015561479,0.2166756610901241,,4.6
ImplicitALS,"{""factors"": 64, ""alpha"": 1.0, ""min_rating"": 4.0}",0.085107410188695,0.0944833727850908,0.2547220723151646,,8.4
ImplicitALS,"{""factors"": 128, ""alpha"": 1.0, ""min_rating"": 4.0}",0.0796344614209814,0.0902313507993887,0.3011332973556395,,27.5
ImplicitALS,"{""factors"": 16, ""alpha"": 2.0, ""min_rating"": 4.0}",0.0849497443639083,0.0899414823773756,0.1859147328656233,,3.3
ImplicitALS,"{""factors"": 32, ""alpha"": 2.0, ""min_rating"": 4.0}",0.0878703823241943,0.0971315889630425,0.2358337830545062,,4.6
ImplicitALS,"{""factors"": 64, ""alpha"": 2.0, ""min_rating"": 4.0}",0.0849283504506834,0.094241196826682,0.2752293577981651,,8.4
ImplicitALS,"{""factors"": 128, ""alpha"": 2.0, ""min_rating"": 4.0}",0.0799412582145561,0.0912274196412843,0.3224500809498111,,27.8
ImplicitALS,"{""factors"": 16, ""alpha"": 5.0, ""min_rating"": 4.0}",0.0821635445162558,0.0873369791917375,0.2201834862385321,,3.9
ImplicitALS,"{""factors"": 32, ""alpha"": 5.0, ""min_rating"": 4.0}",0.0851167618061444,0.0937870025546365,0.2741500269832703,,5.7
ImplicitALS,"{""factors"": 64, ""alpha"": 5.0, ""min_rating"": 4.0}",0.0836478904054777,0.0943649836441162,0.32164058283864,,9.3
ImplicitALS,"{""factors"": 128, ""alpha"": 5.0, ""min_rating"": 4.0}",0.0796156109626397,0.0899317924633466,0.3607663248785753,,29.1
SVD,"{""factors"": 32, ""reg"": 0.03, ""epochs"": 16}",0.03513664854362,0.0301198624725029,0.1694549379384781,0.8647710876171373,18.4
SVD,"{""factors"": 32, ""reg"": 0.06, ""epochs"": 32}",0.0256008104048728,0.0239913265260782,0.1691851052347544,0.8596501978843106,37.4
SVD,"{""factors"": 32, ""reg"": 0.1, ""epochs"": 35}",0.0119645526474477,0.014103122843854,0.0456017269293038,0.8779324346583017,37.1
SVD,"{""factors"": 64, ""reg"": 0.03, ""epochs"": 16}",0.0345649447885801,0.0301804950972161,0.1921208850512682,0.8637246978124632,36.6
SVD,"{""factors"": 64, ""reg"": 0.06, ""epochs"": 30}",0.0243646100601566,0.0228542854862271,0.1651376146788991,0.8577639566463778,63.0
SVD,"{""factors"": 64, ""reg"": 0.1, ""epochs"": 40}",0.0125435496837529,0.0147197782051873,0.0569347004856988,0.8749225699681629,79.8
Hybrid,"{""weights"": [1.0, 0.0, 0.0, 0.0]}",0.08909682982770528,0.0973633015561479,0.21667566109012412,,0.4
Hybrid,"{""weights"": [1.0, 0.0, 0.0, 0.1]}",0.08991238034604981,0.09703449432719186,0.19805720453318942,,0.6
Hybrid,"{""weights"": [1.0, 0.0, 0.0, 0.25]}",0.09005015492757666,0.09537215382202091,0.18078791149487317,,0.6
Hybrid,"{""weights"": [1.0, 0.0, 0.1, 0.0]}",0.0893532755357134,0.09813307975326956,0.22504047490555856,,0.6
Hybrid,"{""weights"": [1.0, 0.0, 0.1, 0.1]}",0.08991548829405181,0.09812643181914786,0.20426335671883433,,0.8
Hybrid,"{""weights"": [1.0, 0.0, 0.1, 0.25]}",0.09046771945564949,0.09636105703795766,0.18564490016189963,,0.8
Hybrid,"{""weights"": [1.0, 0.0, 0.25, 0.0]}",0.08904831955978113,0.09897833823547604,0.23340528872099298,,0.6
Hybrid,"{""weights"": [1.0, 0.0, 0.25, 0.1]}",0.08980974696343702,0.09845289918299013,0.21316783594171615,,0.8
Hybrid,"{""weights"": [1.0, 0.0, 0.25, 0.25]}",0.09075818586184022,0.0973287729911474,0.19320021586616298,,0.8
Hybrid,"{""weights"": [1.0, 0.5, 0.0, 0.0]}",0.09401511002501518,0.10165279115479342,0.1837560712358338,,1.8
Hybrid,"{""weights"": [1.0, 0.5, 0.0, 0.1]}",0.09385196105668565,0.10055180513318547,0.17916891527253104,,2.2
Hybrid,"{""weights"": [1.0, 0.5, 0.0, 0.25]}",0.09420906448533335,0.09972081857881743,0.1675661090124123,,2.2
Hybrid,"{""weights"": [1.0, 0.5, 0.1, 0.0]}",0.0939786914919081,0.1021039811449966,0.18807339449541285,,2.1
Hybrid,"{""weights"": [1.0, 0.5, 0.1, 0.1]}",0.09392732248844433,0.10065666525309006,0.18105774419859688,,2.2
Hybrid,"{""weights"": [1.0, 0.5, 0.1, 0.25]}",0.09401114195141494,0.09947569971068816,0.17026443604964922,,2.2
Hybrid,"{""weights"": [1.0, 0.5, 0.25, 0.0]}",0.09357104125531475,0.10217896567137418,0.19535887749595252,,2.0
Hybrid,"{""weights"": [1.0, 0.5, 0.25, 0.1]}",0.09390181514576869,0.1013955697346197,0.1864543982730707,,2.3
Hybrid,"{""weights"": [1.0, 0.5, 0.25, 0.25]}",0.09420960311852744,0.10069122683677757,0.17485159201295197,,2.2
Hybrid,"{""weights"": [1.0, 1.0, 0.0, 0.0]}",0.09391322628747435,0.10188084773675324,0.16945493793847816,,1.9
Hybrid,"{""weights"": [1.0, 1.0, 0.0, 0.1]}",0.09406285342421611,0.10078202959215216,0.16216945493793847,,2.1
Hybrid,"{""weights"": [1.0, 1.0, 0.0, 0.25]}",0.09460162472533953,0.10045652267523918,0.15353480841878037,,1.9
Hybrid,"{""weights"": [1.0, 1.0, 0.1, 0.0]}",0.09349047980753729,0.10157605110294264,0.1740420939017809,,2.0
Hybrid,"{""weights"": [1.0, 1.0, 0.1, 0.1]}",0.09435599945753781,0.10206391283091808,0.16648677819751753,,2.1
Hybrid,"{""weights"": [1.0, 1.0, 0.1, 0.25]}",0.0946274532133731,0.10032002918054016,0.1559633027522936,,2.2
Hybrid,"{""weights"": [1.0, 1.0, 0.25, 0.0]}",0.09397785993302714,0.10268128193609387,0.17862924986508366,,2.0
Hybrid,"{""weights"": [1.0, 1.0, 0.25, 0.1]}",0.09440261271022767,0.10269915661490989,0.1708041014570966,,2.1
Hybrid,"{""weights"": [1.0, 1.0, 0.25, 0.25]}",0.09468253717695552,0.10106848534562375,0.16082029141932003,,2.1
